episode,reward,success,step,cost,action_list
0,-1000.277738937378,,24,,
1,-1000.3471792808532,,30,,
